{"data":53,"parent":"item/generated","textures":{"layer0":"item/leather_horse_armor"},"overrides":[{"predicate":{"custom_model_data":1},"model":"modelengine:clang_ai/ear_right"},{"predicate":{"custom_model_data":2},"model":"modelengine:clang_ai/ear_left"},{"predicate":{"custom_model_data":3},"model":"modelengine:clang_ai/head"},{"predicate":{"custom_model_data":4},"model":"modelengine:clang_ai/forearm_left"},{"predicate":{"custom_model_data":5},"model":"modelengine:clang_ai/arm_left"},{"predicate":{"custom_model_data":6},"model":"modelengine:clang_ai/forearm_right"},{"predicate":{"custom_model_data":7},"model":"modelengine:clang_ai/arm_right"},{"predicate":{"custom_model_data":8},"model":"modelengine:clang_ai/foot_left"},{"predicate":{"custom_model_data":9},"model":"modelengine:clang_ai/lower_leg_left"},{"predicate":{"custom_model_data":10},"model":"modelengine:clang_ai/leg_left"},{"predicate":{"custom_model_data":11},"model":"modelengine:clang_ai/foot_right"},{"predicate":{"custom_model_data":12},"model":"modelengine:clang_ai/lower_leg_right"},{"predicate":{"custom_model_data":13},"model":"modelengine:clang_ai/leg_right"},{"predicate":{"custom_model_data":14},"model":"modelengine:clang_ai/torso"},{"predicate":{"custom_model_data":15},"model":"modelengine:clang_bot/hammer"},{"predicate":{"custom_model_data":16},"model":"modelengine:clang_bot/forearm_right"},{"predicate":{"custom_model_data":17},"model":"modelengine:clang_bot/arm_right"},{"predicate":{"custom_model_data":18},"model":"modelengine:clang_bot/forearm_left"},{"predicate":{"custom_model_data":19},"model":"modelengine:clang_bot/arm_left"},{"predicate":{"custom_model_data":20},"model":"modelengine:clang_bot/foot_left"},{"predicate":{"custom_model_data":21},"model":"modelengine:clang_bot/leg_lower_left"},{"predicate":{"custom_model_data":22},"model":"modelengine:clang_bot/leg_left"},{"predicate":{"custom_model_data":23},"model":"modelengine:clang_bot/foot_right"},{"predicate":{"custom_model_data":24},"model":"modelengine:clang_bot/leg_lower_right"},{"predicate":{"custom_model_data":25},"model":"modelengine:clang_bot/leg_right"},{"predicate":{"custom_model_data":26},"model":"modelengine:clang_bot/ear_right"},{"predicate":{"custom_model_data":27},"model":"modelengine:clang_bot/ear_left"},{"predicate":{"custom_model_data":28},"model":"modelengine:clang_bot/hoodie"},{"predicate":{"custom_model_data":29},"model":"modelengine:clang_bot/head"},{"predicate":{"custom_model_data":30},"model":"modelengine:clang_bot/torso"},{"predicate":{"custom_model_data":31},"model":"modelengine:clang_bot_hammer/hammer"},{"predicate":{"custom_model_data":32},"model":"modelengine:nocsy_otter/chest"},{"predicate":{"custom_model_data":33},"model":"modelengine:nocsy_otter/eyes"},{"predicate":{"custom_model_data":34},"model":"modelengine:nocsy_otter/blink"},{"predicate":{"custom_model_data":35},"model":"modelengine:nocsy_otter/ear1"},{"predicate":{"custom_model_data":36},"model":"modelengine:nocsy_otter/ear2"},{"predicate":{"custom_model_data":37},"model":"modelengine:nocsy_otter/head"},{"predicate":{"custom_model_data":38},"model":"modelengine:nocsy_otter/neck"},{"predicate":{"custom_model_data":39},"model":"modelengine:nocsy_otter/frontfeet1"},{"predicate":{"custom_model_data":40},"model":"modelengine:nocsy_otter/frontleghalf1"},{"predicate":{"custom_model_data":41},"model":"modelengine:nocsy_otter/frontleg1"},{"predicate":{"custom_model_data":42},"model":"modelengine:nocsy_otter/frontfeet2"},{"predicate":{"custom_model_data":43},"model":"modelengine:nocsy_otter/frontleghalf2"},{"predicate":{"custom_model_data":44},"model":"modelengine:nocsy_otter/frontleg2"},{"predicate":{"custom_model_data":45},"model":"modelengine:nocsy_otter/backfeet1"},{"predicate":{"custom_model_data":46},"model":"modelengine:nocsy_otter/halfpartback1"},{"predicate":{"custom_model_data":47},"model":"modelengine:nocsy_otter/backleg1"},{"predicate":{"custom_model_data":48},"model":"modelengine:nocsy_otter/backfeet2"},{"predicate":{"custom_model_data":49},"model":"modelengine:nocsy_otter/halfpartback2"},{"predicate":{"custom_model_data":50},"model":"modelengine:nocsy_otter/backleg2"},{"predicate":{"custom_model_data":51},"model":"modelengine:nocsy_otter/endtail"},{"predicate":{"custom_model_data":52},"model":"modelengine:nocsy_otter/subtail"},{"predicate":{"custom_model_data":53},"model":"modelengine:nocsy_otter/tail"}]}